cc-by-nc-nd,alternative rock,FMSA,0,http://soundcloud.com/fifamonkey2012/fmsa-extended-ambience-update,114582297,2,2
cc-by-nd,alternative rock,I Don't Know,0.4,http://soundcloud.com/no-uhh/next-step,78447563,3,3
cc-by-nc-sa,alternative rock,Piano,1,http://soundcloud.com/fabienporeeofficiel/bien-tranquillement,109724101,1,1
cc-by,alternative rock,Fl Studio,1.2,http://soundcloud.com/dedend/gobangus,109160317,1,1
cc-by-sa,alternative rock,folkrock,6.6,http://soundcloud.com/generalassemblage/i-cry-love-love,93682660,1,1
cc-by-sa,alternative rock,Deep House,16.6,http://soundcloud.com/itshazardous/alright,107370406,9,9
cc-by,alternative rock,acoustic,22,http://soundcloud.com/hughdoolan/sunday-miscellany-folky,108217638,40,40
cc-by-nc-sa,alternative rock,Dj edit,123.2,http://soundcloud.com/evil-smarty/thinking-of-you-smart-dj-edit,109770111,29,29
cc-by-nd,alternative rock,Gold in Glory,152.2,http://soundcloud.com/gold-in-glory/finding-dreams,118218903,92,90
cc-by-nc-nd,alternative rock,FREE DOWNLOAD,158.8,http://soundcloud.com/djyrasanto/sexsaxophone,114623267,115,114
cc-by,ambient,Ballad,0,http://soundcloud.com/peter-james11/for-ever,100336849,1,1
cc-by-nc-sa,ambient,ds106,0,http://soundcloud.com/johnjohnston/philosophy,110800332,1,1
cc-by-nd,ambient,Soundtrack,0,http://soundcloud.com/arnonesamuel/epic-land-2-0,75299282,2,2
cc-by-nc-nd,ambient,Electronic Pop,0.6,http://soundcloud.com/another-neglected-hobby/the-upgrade,103883874,2,2
cc-by-nd,ambient,None,150.2,http://soundcloud.com/tomcosm/ringtone-tom-cosm-rokokiki,75137108,17,17
cc-by-nc-nd,ambient,Diva Fever,154.6,http://soundcloud.com/dj-anvi/diva-fever-warm-up-podcast-ivy,113343818,11,11
cc-by-nc-sa,ambient,Dubstep,337.6,http://soundcloud.com/fatkidonfire/oudjat-endocannabalism-fkof,110786121,47,47
cc-by,ambient,Commercial Liveset,403.6,http://soundcloud.com/nicolechen/nicole-chen-live-set-1wmf,100153815,17,17
cc-by-nc-sa,classical,session,0,http://soundcloud.com/wrach/jamovanie-vol_2,103438241,3,3
cc-by-nd,classical,House,0,http://soundcloud.com/dj-leo-noir/michael-jackson-dirty-diana,104801275,1,0
cc-by-sa,classical,Bass,0,http://soundcloud.com/djco0k/tropicalherb-djcook,84260896,2,2
cc-by-nc-nd,classical,Soundtrack,0.4,http://soundcloud.com/punk7890/synthetic-forest-remaster,109649100,2,2
cc-by,classical,OUR HOUSE,1.2,http://soundcloud.com/taint-evs/taint-evs-tush,99528945,1,1
cc-by-nd,classical,house,43.6,http://soundcloud.com/kabirazhar/die-young-remix,68001903,6,4
cc-by-nc-nd,classical,Turbofunk,322.2,http://soundcloud.com/stereocool/reset-i-need-you-stereocool,109399394,39,37
cc-by-sa,classical,Boot ,360.8,http://soundcloud.com/djbonnis/bob-sinclar-ac-rr-world-hold,109189647,31,31
cc-by-nc-sa,classical,Electronic,409.8,http://soundcloud.com/bad-panda-records/ocelot-are-you-with-us,117428025,39,36
cc-by,classical,DO THE PANTS DANCE,807.2,http://soundcloud.com/ragemusicofficial/mr-black-meital-de-razon-vs,99553101,6,6
cc-by-nc-sa,country,ASS ASS ASS,0,http://soundcloud.com/bnlol/minecraft-wav,103206078,1,1
cc-by-nd,country,None,0.6,http://soundcloud.com/eliosandros/fosforescenze-1,68958094,1,1
cc-by-sa,country,Heavy Rock,0.6,http://soundcloud.com/valentynium/valentynium-dead-gunslinger,85055287,1,1
cc-by,country,möjligheternas,1,http://soundcloud.com/ibalam/du-ska-bli-vad-du-vill,113488665,1,1
cc-by-nd,country,RnB,18.2,http://soundcloud.com/eremasi/no-more-prod-by-e-3,76632870,2,2
cc-by-sa,country,Chillstep,39.2,http://soundcloud.com/gillchang/time-mosiac,85265209,15,15
cc-by-nc-sa,country,Sunny,1049,http://soundcloud.com/djparoma/sunnysunnyparoma,127118553,32,30
cc-by,country,None,1413.4,http://soundcloud.com/djuro-official/reece-low-djuro-ft-j-mystik,99308930,78,76
cc-by,dance,Progressive Rock,0,http://soundcloud.com/todd-hartmann/shimmer,100084603,2,2
cc-by-nc-sa,dance,mashup,0,http://soundcloud.com/francescocarnevale/arty-vs-sebastian-ingrosso,107153394,1,1
cc-by-nd,dance,hip hop,0.4,http://soundcloud.com/d_ryan/got-em-like-produced-by-echo,53059408,1,1
cc-by-nc-nd,dance,Wonky Techno,1.8,http://soundcloud.com/dize7/ocular-matrix,103852942,1,1
cc-by-sa,dance,Experimental Electronic,3,http://soundcloud.com/raaphorst/them-bells,90426169,5,5
cc-by-nd,dance,Hiphop,43.2,http://soundcloud.com/navespatiale/nave-spatiale-dulcissime,52966846,2,2
cc-by-sa,dance,ghetto funk,156.6,http://soundcloud.com/lusionmusic/nelly-country-grammar-d-lusion,87061559,8,8
cc-by,dance,R&B,531.4,http://soundcloud.com/extremeduds/part-ii-on-the-run-solo,100061357,34,34
cc-by-nc-sa,dance,vocaloid cover,988,http://soundcloud.com/jubyphonic-p/outer-science-english-cover,111030012,131,130
cc-by-nc-nd,dance,Progressive,1309.2,http://soundcloud.com/luiserreofficial/bruno-mars-locked-out-of,127138261,23,23
cc-by-nc-sa,deep house,los angeles,0,http://soundcloud.com/laurlore/l-a-river-song,110289891,1,1
cc-by-nd,deep house,Minimal Techno,0,http://soundcloud.com/frenchydub/frenchydub-frequency,39875229,3,3
cc-by-sa,deep house,Electronic,0.4,http://soundcloud.com/general-taco/voices-of-the-forgotten,86150839,2,2
cc-by,deep house,Urban,0.6,http://soundcloud.com/spizzone1/spark1ne-prime-primetime-1,100931462,5,5
cc-by-nc-nd,deep house,Guitar,0.6,http://soundcloud.com/pascal-grandjean/bluebird,112600148,1,1
cc-by,deep house,Tech House,35.4,http://soundcloud.com/tekirauzi/luomo-tessio-teki-rauzi-remix,100936178,57,57
cc-by-nd,deep house,Psydub,55.4,http://soundcloud.com/globular/02-globular-fractalicious,40588210,5,5
cc-by-sa,deep house,None,115.6,http://soundcloud.com/tarekynwa8-1/emshy-3ala-remshi-mariam-saleh,86234828,3,3
cc-by-nc-nd,deep house,Trip-Hop,338.8,http://soundcloud.com/groove-cereal/take-time-ft-ashly-burch,116776151,30,30
cc-by-nc-sa,deep house,2 Chainz,1524.4,http://soundcloud.com/xjomama/2-chainz-livin-feat-iamsu,109214495,43,42
cc-by,disco,en mä oikeesti tykkää puurosta ;__;,0,http://soundcloud.com/eternal-es/nelj-n-marjan-aamupuuro,98808727,1,1
cc-by-nc-sa,disco,Progressive Metal,0,http://soundcloud.com/celestialorb/lateralus-by-tool-guitar-cover,121311314,1,1
cc-by-nd,disco,Hip-hop/rap,0,http://soundcloud.com/ozzy-quiroz/somos-soldados-mix-tape-2005,84524997,1,1
cc-by-nc-nd,disco,Chillout,1.8,http://soundcloud.com/jzeitschel/the-ocean,126219446,1,1
cc-by-nc-nd,disco,Hardstyle,72.4,http://soundcloud.com/ab7alon-muzic-ii/ran-d-digital-punk-born-to-die,126082937,4,4
cc-by-nd,disco,Deep House / Indie Nu-Disco,131.4,http://soundcloud.com/alexunderbase/alexunder-base-alexknight-winterpodcast-2012,71076596,72,70
cc-by,disco,Mid Tempo Groove ,305.6,http://soundcloud.com/breakzlinkz/pecoe-another-one-bites-the,98931310,23,23
cc-by-nc-sa,disco,digital,328,http://soundcloud.com/digitalsteppaz/super-cat-too-greedy-chalice,122742902,23,22
cc-by-nc-sa,drum & bass,Hip-Hop,0,http://soundcloud.com/t-d-d-m/in-the-flame-snippet,99864583,1,0
cc-by-sa,drum & bass,Hip Hop,0,http://soundcloud.com/eklips3/my-bros,85037764,1,1
cc-by,drum & bass,House,0.6,http://soundcloud.com/emmantorc/sabor-a-verano-lado-b-preview,100477495,1,1
cc-by-nc-nd,drum & bass,Piano,0.6,http://soundcloud.com/rune-x/rune-x-winter-solstice-part-i,126048509,1,1
cc-by-nc-nd,drum & bass,No Maka Rec,11.4,http://soundcloud.com/djjoelsantos/dj-flavex-joel-santos-quebra,123541587,26,25
cc-by-sa,drum & bass,crunk,99.6,http://soundcloud.com/cupcakesmusic/cc008,114743276,10,10
cc-by,drum & bass,soul,458.4,http://soundcloud.com/suddenlyseptembermusic/daylight,100427017,69,69
cc-by-nc-sa,drum & bass,Mashup,2187,http://soundcloud.com/isosine/far-from-over,126379561,72,70
cc-by,dubstep,Instrumental,0,http://soundcloud.com/blah-kesto/ex-nihilo,110282542,1,1
cc-by-nc-sa,dubstep,Nudisco,0,http://soundcloud.com/omo-edm/lerl,121458289,1,1
cc-by-nc-nd,dubstep,Disco,0.4,http://soundcloud.com/lbph/maudit-mou-du,122371354,2,2
cc-by-nd,dubstep,None,0.4,http://soundcloud.com/ruhrort01/meiderich,102375605,2,2
cc-by-sa,dubstep,Various Elec,1.2,http://soundcloud.com/connor-michael-elsea/machine-countdown,104610649,1,1
cc-by-nd,dubstep,DJ Mix,16.2,http://soundcloud.com/afronaut/the-negronomicon,102608068,4,4
cc-by,dubstep,MOOSICA :: Just Music!,58.2,http://soundcloud.com/moosicajustmusic/moosicast-17-blancah-paty-laus,106771362,40,39
cc-by-sa,dubstep,Rock,67.2,http://soundcloud.com/zimmerman-media/we-burn-together,119828963,22,22
cc-by-nc-sa,dubstep,awarapan,185.2,http://soundcloud.com/dj_vipin/toh-phir-aao-vs-awakening-dj,121488363,24,24
cc-by-nc-nd,dubstep,House/melbourne,231.6,http://soundcloud.com/sono-etwas/sono-etwas-how-the-trumpet-1,118370636,6,6
cc-by,electro,Blues,0,http://soundcloud.com/bigoliveandfriends/blues-tom,99117492,1,1
cc-by-nd,electro,Electronic,0,http://soundcloud.com/mario-gajardo-tassara/07-aqua-inferno,38420506,1,0
cc-by-nc-sa,electro,Dubstep,0.6,http://soundcloud.com/leist/lautstark,104572189,2,2
cc-by-sa,electro,Metal,0.6,http://soundcloud.com/edcastiello/fuzzed-arpegios,112674444,1,1
cc-by-nc-nd,electro,DJ Chanse,3.4,http://soundcloud.com/dj-chanse/wizard-project-dj-chanse-mash,124044427,1,1
cc-by-nd,electro,Beat,66.4,http://soundcloud.com/mikedbeatsbyd/some,38181754,46,46
cc-by-nc-sa,electro,Nu Funk,130.4,http://soundcloud.com/breakzlinkz/pecoe-party-time-1,112739178,10,10
cc-by-nc-nd,electro,Progressive Rock,144.2,http://soundcloud.com/grav-ity/gravity-father,120221391,130,130
cc-by-sa,electro,Danny Tenaglia,225,http://soundcloud.com/danny-tenaglia-ibiza-2013/danny-tenaglia-live-at-sands,104465394,33,33
cc-by,electro,Acoustic,319.6,http://soundcloud.com/rarasekar/here-to-stay,99942431,71,70
cc-by,electronic,Background Music,0,http://soundcloud.com/n0cashva1ue/all-the-feels,98641481,1,0
cc-by-nc-sa,electronic,nuevo proyecto de audio,0,http://soundcloud.com/carlos-moreno-soto/blondi,114310576,1,1
cc-by-nd,electronic,funky ,0,http://soundcloud.com/south-east-finest/silversix-funky-todddles-re,35617700,1,1
cc-by-sa,electronic,Electro Trance,0,http://soundcloud.com/naturah/in_the_night,86528909,1,1
cc-by-nc-nd,electronic,Trip-hop,1.2,http://soundcloud.com/mr-chimp/you-can-try-and-make-it-but,102481620,1,1
cc-by-nd,electronic,Disco House,48.4,http://soundcloud.com/federfunk-second-channel/federfunk-say-you-love-disco,34609150,20,17
cc-by-sa,electronic,NEW,51.4,http://soundcloud.com/j-l-x-l/dj-alex-d-feat-fatin-shidqia,86562376,14,14
cc-by-nc-nd,electronic,EDM,92.4,http://soundcloud.com/aircraftlive/aircraft-november-showcase,119793558,6,6
cc-by,electronic,Pop,302.8,http://soundcloud.com/svenbot/early-summer-2013-pop-mix,98562424,1,1
cc-by-nc-sa,electronic,Big Room Trap,463.2,http://soundcloud.com/combustibledjs/sandro-silva-puna-combustibles,122875265,44,44
cc-by-nc-nd,folk,Rap/Hip Hop,0,http://soundcloud.com/untitledco/janglin-rap-remix,101641503,1,1
cc-by-nc-sa,folk,classical,0,http://soundcloud.com/vijayv2p/orchestral-changes,118829386,1,1
cc-by-nd,folk,Power Beat,0,http://soundcloud.com/mentesingeneradas/el-affaire-de-los-power,36034045,1,1
cc-by-sa,folk,WORLD ROCK,0,http://soundcloud.com/mcanyon/goodbye-december-goodbye-by,85744802,1,0
cc-by,folk,Protest,0.4,http://soundcloud.com/db94/hunting,101081775,4,4
cc-by-nd,folk,Trance,87,http://soundcloud.com/tylerleitch/snsd-visual-dreams-tyler,24607520,4,3
cc-by-nc-sa,folk,Disco Funk,128.2,http://soundcloud.com/evil-smarty/this-partys-just-for-you-smart,121094862,40,39
cc-by-sa,folk,Mashup,182,http://soundcloud.com/voxbox/dm-ultramash-megamix-by-voxbox,85670033,58,57
cc-by-nc-nd,folk,Swing,203.6,http://soundcloud.com/stegga/the-jive-before-time-vol-1,124074626,24,24
cc-by,folk,None,483.2,http://soundcloud.com/lovenepal/pida-diyepani-www-lovenepal,109225504,2,2
cc-by-nc-sa,hardcore techno,Rock/Bass,0,http://soundcloud.com/paulchanegeling/hard-life,121065391,1,1
cc-by,hardcore techno,Funk,0.8,http://soundcloud.com/adiffuser/emission-du-3-octobre-2013,113760884,3,3
cc-by-sa,hardcore techno,Progressive Metal,1,http://soundcloud.com/dbautistadecabo/s1m2-2013,113309511,1,1
cc-by-nd,hardcore techno,Deep House,1.2,http://soundcloud.com/viclupo/sessions002_deephouse,85176813,1,1
cc-by-sa,hardcore techno,Mashup,33.4,http://soundcloud.com/zenweasel/internet-friends-scary,87106766,3,3
cc-by-nd,hardcore techno,Hip-hop/rap,197.8,http://soundcloud.com/berna-o-segundo/50-cent-your-lifes-on-the,85382629,10,10
cc-by,hardcore techno,EDM,239,http://soundcloud.com/beatzfreq/queen-rhcp-cant-stop-rockin,113244410,10,9
cc-by-nc-sa,hardcore techno,Bass boost,1022.4,http://soundcloud.com/bass-boosted/white-clouds-i-try-to-boost-it,123238996,183,182
cc-by,hip hop,romantico,0,http://soundcloud.com/elizabeth_tlv/me-equicoque-chili-elizabeth,96881870,2,2
cc-by-nc-sa,hip hop,Instrumental,0,http://soundcloud.com/short_hopper/gimbre-n-lyre,104791296,1,1
cc-by-sa,hip hop,None,0.4,http://soundcloud.com/enndee-1/spider-be-the-master-at-the,87830249,1,0
cc-by-nc-nd,hip hop,Pornography,0.6,http://soundcloud.com/framlingar/redux-video,99211733,1,1
cc-by-sa,hip hop,Hip-Hop,38.4,http://soundcloud.com/jacklycke/big-sean-control-cdq-dirty,105354389,1,1
cc-by-nc-nd,hip hop,Breakcore,52.2,http://soundcloud.com/blaerg/blaerg-live-perish-6-20-13,99150190,15,15
cc-by-nc-sa,hip hop,Zimma Frame,242.2,http://soundcloud.com/music_is_one/show-n-prove-zimma-frame-feat,104807032,2,1
cc-by,hip hop,Melodic Techno,541,http://soundcloud.com/tyron-taylor/tr-ume-der-erinnerungen,96907626,144,143
cc-by-nd,house,SketchStep,0,http://soundcloud.com/insane-sketch/random-sounds,39460944,5,5
cc-by-nc-nd,house,Pop,0.4,http://soundcloud.com/htinfo/vinamilk-sua-bo-sung-vi-chat-adm-tvc-2012-ringtone-htinfo,101827106,1,1
cc-by-nc-sa,house,jamsession,0.8,http://soundcloud.com/deifius/pandosong,123491847,6,6
cc-by,house,chief keef ,1,http://soundcloud.com/dquan/first-day-out,101781135,1,1
cc-by-sa,house,Expermimental,1,http://soundcloud.com/eblade/preconception-of-rhythms,106720994,4,4
cc-by-sa,house,Electro House,76,http://soundcloud.com/sarzaofc/sarza-the-south-up-vip-edit-2,90865259,31,27
cc-by,house,Mid Tempo Growler,125,http://soundcloud.com/breakzlinkz/pecoe-growler-part-2,101812973,11,11
cc-by-nc-sa,house,Dance,207,http://soundcloud.com/dj-chord/for-the-kids-volume-15,123572837,2,2
cc-by-nc-nd,house,Rap/HipHop,351,http://soundcloud.com/rapfarsinews/pishro-divoone,121692731,100,98
cc-by-nd,house,"Deep House, Techno, Electro",363.8,http://soundcloud.com/cremeorganization/creme-upcoming-mix-dj-tlr,23403175,63,62
cc-by,indie rock,None,0,http://soundcloud.com/musicatbeaumontschool/9n-hannah-sam-illias-charlotte,112642655,1,1
cc-by-nc-nd,indie rock,Bossa Nova,0,http://soundcloud.com/franck-calestroupat/bossa-nova-1-final-2,113924432,4,4
cc-by-nc-sa,indie rock,None,0,http://soundcloud.com/prisoncityarchive/the-familiars-2013-08-25-bird-alley-s,107329297,1,1
cc-by-nd,indie rock,None,0,http://soundcloud.com/voice-of-the-future/godine-prolaze,33478760,1,1
cc-by-sa,indie rock,manchester,1.8,http://soundcloud.com/krys-kowalczuk/manchester-rain,106404613,1,1
cc-by-sa,indie rock,mix dj sax nortenas,32.8,http://soundcloud.com/jaramillomanuel89/los-dominantes-del-norte-mix,106253344,3,3
cc-by-nd,indie rock,None,138.2,http://soundcloud.com/goombabrothers/let-my-love-open-the-door-qh,20015944,27,27
cc-by-nc-nd,indie rock,Tomorrowland,147,http://soundcloud.com/dj-insinity/tomorrowland-after-mix-2013,110764209,38,38
cc-by-nc-sa,indie rock,Mashup,321.6,http://soundcloud.com/kill_mr_dj/everybodys-lookin-for-a-turn,107339431,18,18
cc-by,indie rock,Classical,461.2,http://soundcloud.com/javi-diez/fantasy-game-ending-piano,112902131,37,37
cc-by-sa,jazz,Experimental,0,http://soundcloud.com/obirar/micro_contacto_bici,77386360,1,1
cc-by,jazz,M-S GanG 4life,0.6,http://soundcloud.com/user245781650/supremos-no-hood,106416178,5,5
cc-by-nc-nd,jazz,Progressive Rock,0.6,http://soundcloud.com/ilvcia/the-safe,110782546,1,1
cc-by-nc-sa,jazz,electronic,0.6,http://soundcloud.com/sneezes/brockisdead,123571128,1,1
cc-by-nd,jazz,None,1.2,http://soundcloud.com/papertrailzip/tougne-tied,20720931,2,2
cc-by-nd,jazz,Dubstep,14.2,http://soundcloud.com/subflink/dubstep-mix-for-chill-party,20833664,1,1
cc-by,jazz,Alica / DJ Highlander,131.4,http://soundcloud.com/al1cka/alica-dj-highlander-close-your,117318396,197,195
cc-by-nc-sa,jazz,Hard Circuit Style,175.8,http://soundcloud.com/jonnasroyproducer/k-e-s-h-a-warrior-jonnas-roy,127196301,27,27
cc-by-sa,jazz,Minimal House/Electronic,399.6,http://soundcloud.com/joxe-dj/minimal-house-classic,126039918,43,43
cc-by-nc-nd,jazz,Drum & Bass,452.8,http://soundcloud.com/nocidbusinessrec/network-da3,124945169,24,24
cc-by-nd,latin,Instrumental,0,http://soundcloud.com/emierri/emi-rri-yu,14415920,4,4
cc-by-sa,latin,None,0,http://soundcloud.com/the-mensch/wind-harps-at-wiford-gallery-1,86718818,1,1
cc-by,latin,Sample-Based,0.6,http://soundcloud.com/domonemesis/3-a-worrying-thing,103972727,2,2
cc-by-nc-nd,latin,Hip Hop,1.8,http://soundcloud.com/617syko413/i-dont-go-to-college-smokers,109987675,1,1
cc-by-nc-sa,latin,Liquid Dnb,1.8,http://soundcloud.com/def3kt/gaslight-wip,116149130,1,1
cc-by-nc-sa,latin,Ambient / Electronic,58,http://soundcloud.com/headjointambient1/shapes-inspired-by-the-music,121962833,13,13
cc-by,latin,quéweáculiao,89.8,http://soundcloud.com/baude-bohemia-beats/bot-n-5-247-634,107420727,4,4
cc-by-nc-nd,latin,Art,91.2,http://soundcloud.com/yourdreamsmynightmares/ydmn_102913,117879137,3,3
cc-by-sa,latin,None,237,http://soundcloud.com/president-sobhy/waja3,89213288,28,28
cc-by-nd,latin,crunkadubsteppafunkula,294.4,http://soundcloud.com/phuturelabs/s-type-mr-lizard-wav,7505355,12,11
cc-by,metal,None,0,http://soundcloud.com/hicham-bilal/c_location-timel,125624705,1,1
cc-by-nc-nd,metal,Fantasy,0,http://soundcloud.com/clivedamiani/dragon-slayer,108098211,6,6
cc-by-nc-sa,metal,ino,0,http://soundcloud.com/heroshima-producion/training,106399479,2,2
cc-by-nd,metal,chrsifeld,1.2,http://soundcloud.com/cengstfeld/chrisfeld-destrozado-broken-de,117733116,1,1
cc-by-sa,metal,Electro House ,1.8,http://soundcloud.com/naturah/ruling-toys-starlight,87998302,2,2
cc-by-nd,metal,Experimental Hardtek,30.4,http://soundcloud.com/dzs6/dzs-tes-rester-percher-mon,113836919,3,3
cc-by-sa,metal,Bollywood,205.8,http://soundcloud.com/weboxoffice/khoon-choos-le-go-goa-gone,87951429,14,13
cc-by-nc-sa,metal,Deep House,261.6,http://soundcloud.com/ron-mars/deep-of-the-week-ii-october,113104168,5,5
cc-by-nc-nd,metal,MASHUP,285.6,http://soundcloud.com/dj_vipin/aint-a-party-vs-party-rock,105954592,37,36
cc-by,metal,None,534.8,http://soundcloud.com/lovenepal/manma-pida-xa-hola-vocal,97480325,1,1
cc-by-nd,minimal techno,Metal,0,http://soundcloud.com/sznattila/in-the-middle-of-nowhere-2,47975662,1,0
cc-by-nc-nd,minimal techno,GOGOG O,0.4,http://soundcloud.com/djthomaqpfull-musick/electronic-revolution-mix,119347020,1,1
cc-by-nc-sa,minimal techno,lolidk,1.2,http://soundcloud.com/riskyrobot/whiskey-decision,124433763,2,2
cc-by,minimal techno,None,1.8,http://soundcloud.com/djrpm-2/party-popper-spring-13,110218369,1,1
cc-by-sa,minimal techno,Electro,1.8,http://soundcloud.com/psygfault/milkmans-dream,122965239,1,1
cc-by,minimal techno,Hip Hop / Beats,50.4,http://soundcloud.com/pragmatic-theory-label-1/dj-sapien-dumplings-preview,103876722,29,29
cc-by-sa,minimal techno,Progressive House,67,http://soundcloud.com/shockstorm/martin-garrix-jay-hardway-ft,122916612,8,7
cc-by-nd,minimal techno,RAP,115,http://soundcloud.com/mcpacha/pach-pt-haikaiss-o-underground,69336873,19,19
cc-by-nc-nd,minimal techno,Techno,178.2,http://soundcloud.com/thebeatmill/thebeatmill-sessions-037,97623202,4,4
cc-by-nc-sa,minimal techno,blue eyes,425.8,http://soundcloud.com/djrahulvaidya/blue-eyes-dj-rahul-vaidya-ft,124440244,15,15
cc-by,piano,Bad Rock,0,http://soundcloud.com/domonemesis/13-i-want-to-believe-in-your,100558743,2,2
cc-by-nc-sa,piano,Musical,0.4,http://soundcloud.com/lucien-de-baixo/the-treatment-tuesday-14,120086577,1,1
cc-by-sa,piano,Hip Hop,0.4,http://soundcloud.com/carzoddiac/you-can-hip-hop-instrumental,103985718,2,2
cc-by-nc-nd,piano,Instrumental ,0.6,http://soundcloud.com/brunoflorentino1/horizontes,122951501,1,1
cc-by-nd,piano,Composition Electro Dub House,2.8,http://soundcloud.com/nicolascad/skyfall,79491911,3,3
cc-by-nd,piano,Chilled House/Hard Progressive,65.2,http://soundcloud.com/theofficialxenonsquare/xenon-square-laserlight-dream,79592156,69,67
cc-by-nc-nd,piano,Deep House,170.4,http://soundcloud.com/felinnemusic/lana-del-rey-young-and,122693576,59,59
cc-by-sa,piano,Hip-hop/rap,231,http://soundcloud.com/officialr-a-y/r-a-y-gossip-folks-freestyle,88344361,82,82
cc-by-nc-sa,piano,NAZIAHASSAN,510.2,http://soundcloud.com/djkawalofficial/a-tribute-to-nazia-hassan-boom,120064023,57,57
cc-by,piano,Techno,2614.6,http://soundcloud.com/djdandieugo/download-free-dandi-ugo-dj-set,124282300,72,71
cc-by,pop,Atmospheric,0,http://soundcloud.com/robin-davidsen/ship-in-distress,113218699,4,4
cc-by-nc-sa,pop,ni maschine,0,http://soundcloud.com/alecule/finger-the-maschine,104511745,1,1
cc-by-nc-nd,pop,Quand Il Pète Il Troue Son Slip,0.6,http://soundcloud.com/tcho-rem/quand-il-pe-te-il-troue-son,112440075,1,1
cc-by-nd,pop,Nu Rave,0.6,http://soundcloud.com/nyes/da-funk-is-that-3,103039841,2,2
cc-by-sa,pop,Rap,1.6,http://soundcloud.com/reyana_rl/the-preparation,89613706,1,1
cc-by-nd,pop,mash-up,46,http://soundcloud.com/djbiggh/got-to-give-up-the-blurred,105616251,1,1
cc-by-sa,pop,Loosefingers,109,http://soundcloud.com/loosefingers/loosefingers-bass-mountains,89738427,2,2
cc-by-nc-nd,pop,Drum & Bass,471.2,http://soundcloud.com/nocidbusinessrec/symplex-new-kind,122869960,22,22
cc-by,pop,Melbourne Bounce,1073.2,http://soundcloud.com/dj-dambro/dambro-the-bop-original-mix-1,113314771,59,58
cc-by-nc-sa,pop,Mi Nueva Patria,1347.4,http://soundcloud.com/ola-bolivariana/mi-nueva-patria-lucia,104300345,4,4
cc-by,progressive house,None,0,http://soundcloud.com/strelko/sky-canvas-failed,101886771,2,2
cc-by-nc-sa,progressive house,UTAU,0.4,http://soundcloud.com/rikka-yomi/yasashii-ryoute-haru-namidane,118314535,1,1
cc-by-nc-nd,progressive house,EDJING,0.6,http://soundcloud.com/filipo-ah-dar/fresh-groovey-1,116654054,2,2
cc-by-nc-nd,progressive house,Piano,157.6,http://soundcloud.com/kavitha291178/soft-piano-music,116493111,14,14
cc-by,progressive house,None,471.8,http://soundcloud.com/lovenepal/timilai-parai-thandina-by,118447518,1,1
cc-by-nc-sa,progressive house,HOUSE/DUBSTEP,851.6,http://soundcloud.com/djkawalofficial/blue-eyes-ft-yo-yo-honey-singh,125785704,137,135
cc-by,punk,News,0,http://soundcloud.com/primediabroadcasting/ewn-anc-distances-itself-from,102276239,1,1
cc-by-nd,punk,Cheapo,0,http://soundcloud.com/sahn/run-your-life-down,22347985,5,5
cc-by-nc-sa,punk,Alternative,0.4,http://soundcloud.com/theservicemonkeys/burning-bridges-demo,104860180,1,1
cc-by-sa,punk,drum and bass,0.4,http://soundcloud.com/staytment/sunday-blues,82618663,7,7
cc-by-nc-nd,punk,Punk Rock,1.2,http://soundcloud.com/nomoretales/walrus,113268436,1,1
cc-by-nc-nd,punk,Nu Disco,145.8,http://soundcloud.com/dynamicron/dynamicron-dystopian-disco-2,113325483,57,56
cc-by-nd,punk,Tech House ,151,http://soundcloud.com/milennia/zeit487-aab-tr-gger-ich-m-chte,96020039,152,150
cc-by-nc-sa,punk,HOUSEBOOTLEG,267,http://soundcloud.com/djalexgarcia/you-make-me-escape-alex-garcia,119078799,7,7
cc-by,punk,Bootleg,368.8,http://soundcloud.com/tom-drummond/fools-hands,104513258,34,34
cc-by-sa,punk,Techno/Minimaltechno,438,http://soundcloud.com/gong-recs/von-gong-2013-mixed-by-von,83097538,91,89
cc-by,r&b,Field Recording,0,http://soundcloud.com/monodot/08-40-at-emley,100861597,1,1
cc-by-nc-sa,r&b,other,0,http://soundcloud.com/jorge-lucero/caliplaya,106921959,1,1
cc-by-nd,r&b,Other,0,http://soundcloud.com/averus/compilation,26251098,1,1
cc-by-nc-nd,r&b,Alternative,0.6,http://soundcloud.com/damien-santerre/oktober,124535377,2,2
cc-by-sa,r&b,None,0.8,http://soundcloud.com/parking-sun/carny-dub-wip,105919407,1,1
cc-by-nc-nd,r&b,Progressive Rock,125.8,http://soundcloud.com/grav-ity/gravity-echo-ft-katja2,124517616,79,79
cc-by-nd,r&b,Zblustep,199.6,http://soundcloud.com/monkey-freakz/zbluonic-remix,77415951,35,33
cc-by-sa,r&b,Rap Hiphop,228.2,http://soundcloud.com/officialr-a-y/whos-that-bors-r-a-y-freestyle,89920365,72,71
cc-by-nc-sa,r&b,House,520.6,http://soundcloud.com/luke-tibble/diamond-life-luke-tibble-remix,123665606,6,6
cc-by,r&b,Chillout,765.4,http://soundcloud.com/cma-music/medicine-cma-laura-hahn-cover,101612373,71,70
cc-by,rap,GROOVIN,0,http://soundcloud.com/hatterofficial/hatter-dream-teaser,108605523,1,1
cc-by-nc-nd,rap,Hip Hop,0,http://soundcloud.com/zackariyah1210/dont-flinch,109204970,1,1
cc-by-nc-sa,rap,ساعة لقلبك,0,http://soundcloud.com/volma-v/rufc7obb9cil,117660409,1,1
cc-by-nd,rap,Electronic House,0,http://soundcloud.com/leandrodiasdj-1/intheend-leandrodiasdeejay,49697476,1,0
cc-by-sa,rap,None,0,http://soundcloud.com/enormousontogeny/make-a-realish-drum-noise,107224268,1,1
cc-by-sa,rap,EDM,83.2,http://soundcloud.com/jackhammerfpt/radio-of-the-gods-002,108401483,1,1
cc-by-nc-sa,rap,House,289,http://soundcloud.com/djalexpl/alex-live-at-club-lavos,124044483,9,9
cc-by-nd,rap,Dancehall,341.4,http://soundcloud.com/tang-tangx/navino-love-hurts,89382550,11,11
cc-by,rap,Movie,918.2,http://soundcloud.com/d-128/shoot-cut-edit,116490803,101,100
cc-by-nc-nd,rap,Qlimax,1232,http://soundcloud.com/ab7alon-dj/alpha-qlimax-2013-immortal,121637621,40,40
cc-by-nc-sa,reggae,Electronic,0,http://soundcloud.com/youth-3/nightexperiment,113589362,1,1
cc-by-nd,reggae,None,0,http://soundcloud.com/eliosandros/casicomp,17215748,2,2
cc-by-sa,reggae,منير,0.4,http://soundcloud.com/ana-loulou/x7jsv1t7wdmz,108784271,1,1
cc-by,reggae,None,0.6,http://soundcloud.com/derisoire-commun/derisoire-commun-satyr-2013,120587945,2,2
cc-by-nc-nd,reggae,progressive house,0.6,http://soundcloud.com/geovaniivan/girlfriend-in-the-dark-geoivan,95938311,1,1
cc-by-nc-nd,reggae,Electronica,107.8,http://soundcloud.com/iketa/haze,111132640,24,24
cc-by,reggae,Dance,109,http://soundcloud.com/bodegabrad/remix-top-30-countdown-11-16,120720783,6,6
cc-by-nd,reggae,Electronic,114,http://soundcloud.com/melanoboy/muse-supermassive-black-hole,17229871,6,6
cc-by-sa,reggae,Talk,179.6,http://soundcloud.com/freetalklive/ftl2013-09-04,108896696,1,1
cc-by-nc-sa,reggae,Bass Boost,1081.8,http://soundcloud.com/bass-boosted/part-2-bass-boosted,120893265,56,56
cc-by,rock,Hiphop,0,http://soundcloud.com/hotspitta/on-my-grizzly-yea,106401490,1,1
cc-by-nc-nd,rock,Rock,0,http://soundcloud.com/djb3nc/a-day-hommage-lou-reed-et-ses,118417480,8,8
cc-by-sa,rock,None,0,http://soundcloud.com/djquinones/untitled-1-mix-m4a,89804774,1,1
cc-by-nc-sa,rock,ghana music,0.4,http://soundcloud.com/tanga-maaweh/waale-qaeeda-mixed-by-maaweh,115449129,1,0
cc-by-nd,rock,Club,1.2,http://soundcloud.com/daslapchief/indafunctionremix,96066755,2,2
cc-by-nd,rock,Rnb,24.6,http://soundcloud.com/eremasi/e-3-dont-forget-me,78285818,4,4
cc-by-nc-sa,rock,Electronic,262.2,http://soundcloud.com/bad-panda-records/mother-natures-orchestra,125168525,32,32
cc-by-sa,rock,Bollywood,295.2,http://soundcloud.com/weboxofficev1/balam-pichkari-yeh-jawaani-hai,89974938,9,9
cc-by-nc-nd,rock,Jersey Club Music,304.8,http://soundcloud.com/stylessavage/booty-do-work-pt-2-ft-albyy-nj,118397579,15,15
cc-by,rock,None,345.6,http://soundcloud.com/lovenepal/maya-garne-jivan-sathi-singer,122057505,1,1
cc-by,singer-songwriter,Rock,0,http://soundcloud.com/higakatsu/bye-bye,110594730,1,1
cc-by-nc-nd,singer-songwriter,Spoken Word,0,http://soundcloud.com/kate-russell/slough-radio-42-42-ep-2,94096482,2,2
cc-by-nc-sa,singer-songwriter,127 bpm,0,http://soundcloud.com/thinktank000/twice-little-dragon-thinktank,106896018,1,1
cc-by-nd,singer-songwriter,None,0,http://soundcloud.com/arrialine/we-don,53178813,3,3
cc-by-sa,singer-songwriter,rock,0,http://soundcloud.com/capellimusic/sad-song-1,112170824,1,1
cc-by-sa,singer-songwriter,Deep House,157,http://soundcloud.com/felix-schrader/felix-schrader-sommermelodie,99894482,15,15
cc-by-nd,singer-songwriter,TRAP,229,http://soundcloud.com/r1ckrock/r1ck-rock-bass-beatdown-003,91536084,8,8
cc-by,singer-songwriter,Edm,457.8,http://soundcloud.com/nomero/sebastian-ingrosso-tommy-trash,115944641,52,48
cc-by-nc-nd,singer-songwriter,Dancehall,668.4,http://soundcloud.com/mediazempire/aidonia-boom-flick-raw-toasted,111241352,25,25
cc-by-nc-sa,singer-songwriter,THE,1178,http://soundcloud.com/officialdharak/5-mere-rang-mein-dj-dharak,126846813,3,3
cc-by,soul,Waking Up,0,http://soundcloud.com/barefoot-with-nature/mount-cook,111398658,1,1
cc-by-nc-nd,soul,None,0,http://soundcloud.com/musical-armageddon/im-not-very-good,97558281,1,1
cc-by-nc-sa,soul,buy,0,http://soundcloud.com/sylver-second/10-seconds-album-preview-for,105952512,9,9
cc-by-nd,soul,Accapella,0,http://soundcloud.com/the-big-three/sun-is-rising,39916416,1,1
cc-by-sa,soul,Hip Hop,0,http://soundcloud.com/soulido_3/guerra-nuclear-prod-pedrido,91593522,1,1
cc-by-sa,soul,Urbano,282.8,http://soundcloud.com/alantemusic/melymel-no-se-ve-mal,94420522,1,1
cc-by-nd,soul,None,326.4,http://soundcloud.com/giean-ramos/in-your-arms-kina-grannis,40872184,9,8
cc-by-nc-sa,soul,vocaloid cover,559.8,http://soundcloud.com/jubyphonic-p/trick-and-treat-english-cover,117570204,75,75
cc-by-nc-nd,soul,MASHUP,651.8,http://soundcloud.com/dj_vipin/jackpot-kabhi-jo-badaal-barse,122087783,49,49
cc-by,soul,Reggae 80s ,800.2,http://soundcloud.com/dj-lamonnz/ub40-red-red-wine-re-upload-dj,111649722,32,32
cc-by,tech house,live,0,http://soundcloud.com/triturador/under-the-tracks-beside-the,105031016,1,1
cc-by-nc-nd,tech house,hip hop ,0,http://soundcloud.com/hafizsantucci/02-confecion,95792078,1,1
cc-by-nc-sa,tech house,Octatrack,0,http://soundcloud.com/anders-bergdahl/est-was,114770492,1,1
cc-by-nd,tech house,Trap,0,http://soundcloud.com/kingsriver-1/fast-cars,28358611,4,4
cc-by-sa,tech house,ethereal,0,http://soundcloud.com/lawrence-candilas/bleeding-rainbow-v0-25,126169777,1,1
cc-by-sa,tech house,dancerock,181.8,http://soundcloud.com/digitalitar/pleace-rock-my-house,96690713,8,7
cc-by-nc-nd,tech house,Dancehall,451.2,http://soundcloud.com/mediazempire/dj-fearless-duppy-mekka-mix,96718544,2,0
cc-by-nd,tech house,Frenchcore,560.2,http://soundcloud.com/helblinde/helblinde-rewrite-nightmare,68408759,28,27
cc-by,tech house,Piano,908.8,http://soundcloud.com/myuu/countdown,103418844,9,8
cc-by-nc-sa,tech house,THE,1208.4,http://soundcloud.com/officialdharak/1-ho-jata-hai-kaise-pyaar-dj,126846810,7,7
cc-by-nc-nd,techno,MuSicK,0,http://soundcloud.com/vaw13/flouro-1,112682492,1,1
cc-by-nc-sa,techno,instrumental hiphop,0,http://soundcloud.com/jsacyo/whats-your-death-wish,109998075,1,1
cc-by-nd,techno,LOVESong,0,http://soundcloud.com/romnick-marayag/knocknin-on-heavens-door-dj,109998840,1,1
cc-by-sa,techno,XL Drumstyle,0,http://soundcloud.com/xxazreoxx/smiles-re-workd,109380695,2,2
cc-by,techno,DããB,0.4,http://soundcloud.com/00naga00/lil-silva-quest,111734256,3,3
cc-by-nd,techno,Edit,270.4,http://soundcloud.com/davidelama/train-drive-by-davide-lama2,51273639,11,6
cc-by-nc-nd,techno,Dancehall,592.2,http://soundcloud.com/mediazempire/dj-cashflow-rinse-bedroom,92641613,2,0
cc-by-sa,techno,mad mix productions,602,http://soundcloud.com/maddyy/jean-ft-ranjit-bawa-sample-mad,124908648,47,47
cc-by,techno,Hard To Swallow...........,1122.4,http://soundcloud.com/the-apple-scruffs/david-bowie-fame-the-apple,125113205,104,99
cc-by-nc-sa,techno,KABHI,1331.2,http://soundcloud.com/djrohithofficial/kabhijobadalbarse,124324888,22,21
cc-by,trance,stem,0,http://soundcloud.com/todd-hartmann/tranya3-5-stems-woosyn-small,102715043,1,1
cc-by-nc-nd,trance,rap,0,http://soundcloud.com/jnrtomcat/bella-scoperta,110381410,1,1
cc-by-nc-sa,trance,Sound Effects,0,http://soundcloud.com/jacobalcook/household-toiletflush,107854467,1,1
cc-by-nd,trance,Nature Soundscape,0,http://soundcloud.com/timo-janhonen/robin-singing-at-dusk,14560099,4,4
cc-by-sa,trance,Интервью,0,http://soundcloud.com/evgeniya-popkova/c,117224372,6,6
cc-by,trance,Conceptual Trap ,577.2,http://soundcloud.com/yheti/yheti-the-mariachi-snake-death,104740438,129,129
cc-by-nc-nd,trance,MASHUP,814.6,http://soundcloud.com/dj_vipin/bhula-dena-mujhe-dj-vipin-mashup,97509824,78,78
cc-by-nd,trance,SwangMcTittyBallHop,849.6,http://soundcloud.com/tomcosm/tom-cosm-shwango-feat-mr-bill,69268710,120,119
cc-by-nc-sa,trance,The,1039.8,http://soundcloud.com/djxylodubai/10-international-mashup-2013,126034808,4,3
cc-by-sa,trance,Drake Rework,4225.4,http://soundcloud.com/starro/hold-on-were-going-home-ft,115094352,163,159
cc-by,trap,BabySoup,0,http://soundcloud.com/devon-gary/simplesimplesimple-progression,109803241,1,1
cc-by-nc-nd,trap,House,0,http://soundcloud.com/djalexklein/deadmau-5-the-veldt-alex-klein,101487144,1,1
cc-by-nc-sa,trap,Sumata,0,http://soundcloud.com/josh-medina-3/sumata-happy-flight,119996166,2,2
cc-by-nd,trap,HipHop/Rap,0,http://soundcloud.com/djquillz/so-into-you,43463990,1,1
cc-by-sa,trap,Electronic,0,http://soundcloud.com/slofan/chillirap,103138744,1,1
cc-by,trap,Piano,714.2,http://soundcloud.com/myuu/dead-silence-theme,114104086,9,9
cc-by-sa,trap,Ginuwine,1085.2,http://soundcloud.com/starro/pony-starro-remix,117312052,65,65
cc-by-nd,trap,KOMPA LOVE,1425,http://soundcloud.com/djexcel-1/dj-excel-se-excel-mwen-vle,71380524,136,136
cc-by-nc-nd,trap,Electronic House,1553.8,http://soundcloud.com/jimifrew/color-and-shade-dj-mix-free,92743588,123,122
cc-by-nc-sa,trap,Club,2103.2,http://soundcloud.com/dj-llp/fly-project-toca-toca-llp,125598371,34,33
cc-by,trip hop,Soundtrack,0,http://soundcloud.com/apathykisses/sunshine,105196240,1,1
cc-by-nc-nd,trip hop,country,0,http://soundcloud.com/mrmojorising-2/zik-generique-p-frersonel,100749707,1,1
cc-by-nc-sa,trip hop,Acoustic,0,http://soundcloud.com/pistolsatdawn/sausage-studios,116491460,1,1
cc-by-nd,trip hop,poesie,0,http://soundcloud.com/hrabak/vecirek-pornopoesie-cast-1,10489034,39,39
cc-by-sa,trip hop,Work in Progress,0,http://soundcloud.com/colliseemoe-1/go-to-bed-faggot,104799058,3,3
cc-by-sa,trip hop,insomnia,647,http://soundcloud.com/mathbonus/my-brain-melting-out-of-my,95910825,62,62
cc-by-nd,trip hop,Dubwize / Ragga Dnb / Ragga Jungle,738.4,http://soundcloud.com/amadeusdubwize/a-culture-someting-dis,65131429,17,15
cc-by,trip hop,Dubstep,1157,http://soundcloud.com/dotcomstock/chain-swangin,107752375,90,90
cc-by-nc-sa,trip hop,House,1510,http://soundcloud.com/sonicgrab/finally-mordax-remix,126484540,46,46
cc-by-nc-nd,trip hop,House,2129,http://soundcloud.com/luiserreofficial/b-mars-locked-out-of-heaven,104120761,89,88
cc-by,world,Other,0,http://soundcloud.com/peter-tigges/my-mind-is-my-fortress,101219751,3,3
cc-by-nc-nd,world,Spoken Word,0,http://soundcloud.com/rockitude/the-gamecrafters-guild-podcast,102575219,1,1
cc-by-nc-sa,world,Electronica,0,http://soundcloud.com/heli0s/empty-cage,111450204,1,1
cc-by-nd,world,House ,0,http://soundcloud.com/twisted-infant/queen-somebody-to-love,101075683,1,1
cc-by-sa,world,IDM,0,http://soundcloud.com/auzmusic/minneapolis-sessions-2,100835506,1,1
cc-by-nc-nd,world,Progressive House,1256.2,http://soundcloud.com/luiserreofficial/ti-rex-emperiment-feat,112068022,36,36
cc-by-nd,world,None,2481,http://soundcloud.com/djkhaled/memories-back-then-t-i,89396584,215,0
cc-by-sa,world,Janet,4282.6,http://soundcloud.com/starro/anytime-anyplace-janet-jackson,92562743,174,174
cc-by,world,Mashup,5616.6,http://soundcloud.com/earlvin14/give-your-heart-a-wrecking,127244476,1022,959
cc-by-nc-sa,world,House,9139.6,http://soundcloud.com/artisticraw/eminem-rihanna-the-monster,121065885,172,167
